,GeoFips,GeoName,LineCode,Description,2020
0,0,United States,1,Personal consumption expenditures,14047565.0
1,0,United States,2,  Goods,4653822.0
2,0,United States,3,    Durable goods,1616408.0
3,0,United States,4,      Motor vehicles and parts,541265.0
4,0,United States,5,      Furnishings and durable household equipment,390382.0
5,0,United States,6,      Recreational goods and vehicles,476217.0
6,0,United States,7,      Other durable goods,208545.0
7,0,United States,8,    Nondurable goods,3037413.0
8,0,United States,9,      Food and beverages purchased for off-premises consumption,1146676.0
9,0,United States,10,      Clothing and footwear,362435.0
10,0,United States,11,      Gasoline and other energy goods,246757.0
11,0,United States,12,      Other nondurable goods,1281545.0
12,0,United States,13,  Services,9393744.0
13,0,United States,14,    Household consumption expenditures (for services),8872868.0
14,0,United States,15,      Housing and utilities,2668144.0
15,0,United States,16,      Health care,2308401.0
16,0,United States,17,      Transportation services,363441.0
17,0,United States,18,      Recreation services,416512.0
18,0,United States,19,      Food services and accommodations,801547.0
19,0,United States,20,      Financial services and insurance,1196283.0
20,0,United States,21,      Other services,1118540.0
21,0,United States,22,    Final consumption expenditures of nonprofit institutions serving households (NPISHs),520876.0
22,0,United States,23,      Gross output of nonprofit institutions,1644766.0
23,0,United States,24,      Less: Receipts from sales of goods and services by nonprofit institutions,1123890.0
24,1000,Alabama,1,Personal consumption expenditures,176479.8
25,1000,Alabama,2,  Goods,65664.5
26,1000,Alabama,3,    Durable goods,21400.5
27,1000,Alabama,4,      Motor vehicles and parts,8813.5
28,1000,Alabama,5,      Furnishings and durable household equipment,5145.5
29,1000,Alabama,6,      Recreational goods and vehicles,4995.4
30,1000,Alabama,7,      Other durable goods,2446.1
31,1000,Alabama,8,    Nondurable goods,44264.0
32,1000,Alabama,9,      Food and beverages purchased for off-premises consumption,15383.7
33,1000,Alabama,10,      Clothing and footwear,4861.0
34,1000,Alabama,11,      Gasoline and other energy goods,3875.2
35,1000,Alabama,12,      Other nondurable goods,20144.1
36,1000,Alabama,13,  Services,110815.3
37,1000,Alabama,14,    Household consumption expenditures (for services),106781.9
38,1000,Alabama,15,      Housing and utilities,32167.3
39,1000,Alabama,16,      Health care,29057.6
40,1000,Alabama,17,      Transportation services,3518.8
41,1000,Alabama,18,      Recreation services,3880.2
42,1000,Alabama,19,      Food services and accommodations,10505.3
43,1000,Alabama,20,      Financial services and insurance,13448.0
44,1000,Alabama,21,      Other services,14204.6
45,1000,Alabama,22,    Final consumption expenditures of nonprofit institutions serving households (NPISHs),4033.4
46,1000,Alabama,23,      Gross output of nonprofit institutions,18199.8
47,1000,Alabama,24,      Less: Receipts from sales of goods and services by nonprofit institutions,14166.4
48,2000,Alaska,1,Personal consumption expenditures,35635.7
49,2000,Alaska,2,  Goods,10478.0
50,2000,Alaska,3,    Durable goods,4298.2
51,2000,Alaska,4,      Motor vehicles and parts,1357.6
52,2000,Alaska,5,      Furnishings and durable household equipment,942.3
53,2000,Alaska,6,      Recreational goods and vehicles,1586.6
54,2000,Alaska,7,      Other durable goods,411.7
55,2000,Alaska,8,    Nondurable goods,6179.8
56,2000,Alaska,9,      Food and beverages purchased for off-premises consumption,2955.2
57,2000,Alaska,10,      Clothing and footwear,600.0
58,2000,Alaska,11,      Gasoline and other energy goods,440.9
59,2000,Alaska,12,      Other nondurable goods,2183.7
60,2000,Alaska,13,  Services,25157.6
61,2000,Alaska,14,    Household consumption expenditures (for services),22994.8
62,2000,Alaska,15,      Housing and utilities,6236.5
63,2000,Alaska,16,      Health care,7664.7
64,2000,Alaska,17,      Transportation services,1087.0
65,2000,Alaska,18,      Recreation services,1235.8
66,2000,Alaska,19,      Food services and accommodations,1955.6
67,2000,Alaska,20,      Financial services and insurance,2506.6
68,2000,Alaska,21,      Other services,2308.5
69,2000,Alaska,22,    Final consumption expenditures of nonprofit institutions serving households (NPISHs),2162.8
70,2000,Alaska,23,      Gross output of nonprofit institutions,4769.3
71,2000,Alaska,24,      Less: Receipts from sales of goods and services by nonprofit institutions,2606.5
72,4000,Arizona,1,Personal consumption expenditures,287090.1
73,4000,Arizona,2,  Goods,100085.5
74,4000,Arizona,3,    Durable goods,37094.6
75,4000,Arizona,4,      Motor vehicles and parts,13584.7
76,4000,Arizona,5,      Furnishings and durable household equipment,8898.2
77,4000,Arizona,6,      Recreational goods and vehicles,9579.7
78,4000,Arizona,7,      Other durable goods,5032.0
79,4000,Arizona,8,    Nondurable goods,62990.9
80,4000,Arizona,9,      Food and beverages purchased for off-premises consumption,23479.5
81,4000,Arizona,10,      Clothing and footwear,7400.4
82,4000,Arizona,11,      Gasoline and other energy goods,5166.2
83,4000,Arizona,12,      Other nondurable goods,26944.9
84,4000,Arizona,13,  Services,187004.7
85,4000,Arizona,14,    Household consumption expenditures (for services),180966.9
86,4000,Arizona,15,      Housing and utilities,56762.5
87,4000,Arizona,16,      Health care,44879.4
88,4000,Arizona,17,      Transportation services,8696.5
89,4000,Arizona,18,      Recreation services,9795.0
90,4000,Arizona,19,      Food services and accommodations,19638.8
91,4000,Arizona,20,      Financial services and insurance,18859.9
92,4000,Arizona,21,      Other services,22334.8
93,4000,Arizona,22,    Final consumption expenditures of nonprofit institutions serving households (NPISHs),6037.8
94,4000,Arizona,23,      Gross output of nonprofit institutions,25940.9
95,4000,Arizona,24,      Less: Receipts from sales of goods and services by nonprofit institutions,19903.1
96,5000,Arkansas,1,Personal consumption expenditures,104488.8
97,5000,Arkansas,2,  Goods,37176.5
98,5000,Arkansas,3,    Durable goods,12313.5
99,5000,Arkansas,4,      Motor vehicles and parts,4875.0
100,5000,Arkansas,5,      Furnishings and durable household equipment,3251.6
101,5000,Arkansas,6,      Recreational goods and vehicles,2911.9
102,5000,Arkansas,7,      Other durable goods,1275.0
103,5000,Arkansas,8,    Nondurable goods,24863.1
104,5000,Arkansas,9,      Food and beverages purchased for off-premises consumption,8704.9
105,5000,Arkansas,10,      Clothing and footwear,3100.9
106,5000,Arkansas,11,      Gasoline and other energy goods,2912.6
107,5000,Arkansas,12,      Other nondurable goods,10144.7
108,5000,Arkansas,13,  Services,67312.3
109,5000,Arkansas,14,    Household consumption expenditures (for services),64125.3
110,5000,Arkansas,15,      Housing and utilities,17414.2
111,5000,Arkansas,16,      Health care,18770.7
112,5000,Arkansas,17,      Transportation services,2095.8
113,5000,Arkansas,18,      Recreation services,2241.3
114,5000,Arkansas,19,      Food services and accommodations,5828.5
115,5000,Arkansas,20,      Financial services and insurance,10811.4
116,5000,Arkansas,21,      Other services,6963.4
117,5000,Arkansas,22,    Final consumption expenditures of nonprofit institutions serving households (NPISHs),3187.1
118,5000,Arkansas,23,      Gross output of nonprofit institutions,11701.9
119,5000,Arkansas,24,      Less: Receipts from sales of goods and services by nonprofit institutions,8514.9
120,6000,California,1,Personal consumption expenditures,1835980.6
121,6000,California,2,  Goods,545975.5
122,6000,California,3,    Durable goods,186947.6
123,6000,California,4,      Motor vehicles and parts,50738.3
124,6000,California,5,      Furnishings and durable household equipment,45607.1
125,6000,California,6,      Recreational goods and vehicles,62288.4
126,6000,California,7,      Other durable goods,28313.8
127,6000,California,8,    Nondurable goods,359027.9
128,6000,California,9,      Food and beverages purchased for off-premises consumption,142904.5
129,6000,California,10,      Clothing and footwear,53774.4
130,6000,California,11,      Gasoline and other energy goods,27099.8
131,6000,California,12,      Other nondurable goods,135249.2
132,6000,California,13,  Services,1290005.1
133,6000,California,14,    Household consumption expenditures (for services),1218823.5
134,6000,California,15,      Housing and utilities,375660.0
135,6000,California,16,      Health care,300684.7
136,6000,California,17,      Transportation services,57343.8
137,6000,California,18,      Recreation services,60464.5
138,6000,California,19,      Food services and accommodations,118073.8
139,6000,California,20,      Financial services and insurance,153129.1
140,6000,California,21,      Other services,153467.6
141,6000,California,22,    Final consumption expenditures of nonprofit institutions serving households (NPISHs),71181.6
142,6000,California,23,      Gross output of nonprofit institutions,231757.5
143,6000,California,24,      Less: Receipts from sales of goods and services by nonprofit institutions,160575.9
144,8000,Colorado,1,Personal consumption expenditures,270883.0
145,8000,Colorado,2,  Goods,91276.6
146,8000,Colorado,3,    Durable goods,34621.7
147,8000,Colorado,4,      Motor vehicles and parts,10305.4
148,8000,Colorado,5,      Furnishings and durable household equipment,8416.1
149,8000,Colorado,6,      Recreational goods and vehicles,11892.6
150,8000,Colorado,7,      Other durable goods,4007.6
151,8000,Colorado,8,    Nondurable goods,56654.9
152,8000,Colorado,9,      Food and beverages purchased for off-premises consumption,23112.1
153,8000,Colorado,10,      Clothing and footwear,6777.9
154,8000,Colorado,11,      Gasoline and other energy goods,4364.2
155,8000,Colorado,12,      Other nondurable goods,22400.7
156,8000,Colorado,13,  Services,179606.4
157,8000,Colorado,14,    Household consumption expenditures (for services),172285.0
158,8000,Colorado,15,      Housing and utilities,57578.2
159,8000,Colorado,16,      Health care,38002.6
160,8000,Colorado,17,      Transportation services,8610.9
161,8000,Colorado,18,      Recreation services,10166.6
162,8000,Colorado,19,      Food services and accommodations,17705.0
163,8000,Colorado,20,      Financial services and insurance,19455.6
164,8000,Colorado,21,      Other services,20766.1
165,8000,Colorado,22,    Final consumption expenditures of nonprofit institutions serving households (NPISHs),7321.3
166,8000,Colorado,23,      Gross output of nonprofit institutions,26915.7
167,8000,Colorado,24,      Less: Receipts from sales of goods and services by nonprofit institutions,19594.3
168,9000,Connecticut,1,Personal consumption expenditures,179405.9
169,9000,Connecticut,2,  Goods,54532.7
170,9000,Connecticut,3,    Durable goods,18630.8
171,9000,Connecticut,4,      Motor vehicles and parts,5483.7
172,9000,Connecticut,5,      Furnishings and durable household equipment,4850.6
173,9000,Connecticut,6,      Recreational goods and vehicles,5633.0
174,9000,Connecticut,7,      Other durable goods,2663.5
175,9000,Connecticut,8,    Nondurable goods,35901.9
176,9000,Connecticut,9,      Food and beverages purchased for off-premises consumption,13411.4
177,9000,Connecticut,10,      Clothing and footwear,4048.8
178,9000,Connecticut,11,      Gasoline and other energy goods,2216.7
179,9000,Connecticut,12,      Other nondurable goods,16225.0
180,9000,Connecticut,13,  Services,124873.3
181,9000,Connecticut,14,    Household consumption expenditures (for services),115568.8
182,9000,Connecticut,15,      Housing and utilities,32473.6
183,9000,Connecticut,16,      Health care,27674.5
184,9000,Connecticut,17,      Transportation services,4476.9
185,9000,Connecticut,18,      Recreation services,5460.0
186,9000,Connecticut,19,      Food services and accommodations,8449.2
187,9000,Connecticut,20,      Financial services and insurance,20204.5
188,9000,Connecticut,21,      Other services,16830.0
189,9000,Connecticut,22,    Final consumption expenditures of nonprofit institutions serving households (NPISHs),9304.5
190,9000,Connecticut,23,      Gross output of nonprofit institutions,27800.7
191,9000,Connecticut,24,      Less: Receipts from sales of goods and services by nonprofit institutions,18496.2
192,10000,Delaware,1,Personal consumption expenditures,44834.5
193,10000,Delaware,2,  Goods,14480.4
194,10000,Delaware,3,    Durable goods,5386.5
195,10000,Delaware,4,      Motor vehicles and parts,1955.6
196,10000,Delaware,5,      Furnishings and durable household equipment,1232.3
197,10000,Delaware,6,      Recreational goods and vehicles,1443.1
198,10000,Delaware,7,      Other durable goods,755.5
199,10000,Delaware,8,    Nondurable goods,9093.9
200,10000,Delaware,9,      Food and beverages purchased for off-premises consumption,3502.3
201,10000,Delaware,10,      Clothing and footwear,1106.7
202,10000,Delaware,11,      Gasoline and other energy goods,861.9
203,10000,Delaware,12,      Other nondurable goods,3622.9
204,10000,Delaware,13,  Services,30354.1
205,10000,Delaware,14,    Household consumption expenditures (for services),28856.4
206,10000,Delaware,15,      Housing and utilities,8749.1
207,10000,Delaware,16,      Health care,8048.6
208,10000,Delaware,17,      Transportation services,848.7
209,10000,Delaware,18,      Recreation services,1174.0
210,10000,Delaware,19,      Food services and accommodations,2519.9
211,10000,Delaware,20,      Financial services and insurance,3506.9
212,10000,Delaware,21,      Other services,4009.2
213,10000,Delaware,22,    Final consumption expenditures of nonprofit institutions serving households (NPISHs),1497.7
214,10000,Delaware,23,      Gross output of nonprofit institutions,4792.3
215,10000,Delaware,24,      Less: Receipts from sales of goods and services by nonprofit institutions,3294.6
216,11000,District of Columbia,1,Personal consumption expenditures,46453.6
217,11000,District of Columbia,2,  Goods,13668.9
218,11000,District of Columbia,3,    Durable goods,4536.5
219,11000,District of Columbia,4,      Motor vehicles and parts,1227.4
220,11000,District of Columbia,5,      Furnishings and durable household equipment,1024.2
221,11000,District of Columbia,6,      Recreational goods and vehicles,1595.0
222,11000,District of Columbia,7,      Other durable goods,689.8
223,11000,District of Columbia,8,    Nondurable goods,9132.5
224,11000,District of Columbia,9,      Food and beverages purchased for off-premises consumption,4059.9
225,11000,District of Columbia,10,      Clothing and footwear,1337.6
226,11000,District of Columbia,11,      Gasoline and other energy goods,572.1
227,11000,District of Columbia,12,      Other nondurable goods,3162.8
228,11000,District of Columbia,13,  Services,32784.7
229,11000,District of Columbia,14,    Household consumption expenditures (for services),30945.0
230,11000,District of Columbia,15,      Housing and utilities,8094.2
231,11000,District of Columbia,16,      Health care,7338.6
232,11000,District of Columbia,17,      Transportation services,1669.9
233,11000,District of Columbia,18,      Recreation services,937.6
234,11000,District of Columbia,19,      Food services and accommodations,2340.8
235,11000,District of Columbia,20,      Financial services and insurance,3372.5
236,11000,District of Columbia,21,      Other services,7191.5
237,11000,District of Columbia,22,    Final consumption expenditures of nonprofit institutions serving households (NPISHs),1839.7
238,11000,District of Columbia,23,      Gross output of nonprofit institutions,5455.4
239,11000,District of Columbia,24,      Less: Receipts from sales of goods and services by nonprofit institutions,3615.8
240,12000,Florida,1,Personal consumption expenditures,947905.9
241,12000,Florida,2,  Goods,317068.6
242,12000,Florida,3,    Durable goods,122658.7
243,12000,Florida,4,      Motor vehicles and parts,36731.3
244,12000,Florida,5,      Furnishings and durable household equipment,31656.7
245,12000,Florida,6,      Recreational goods and vehicles,38455.4
246,12000,Florida,7,      Other durable goods,15815.3
247,12000,Florida,8,    Nondurable goods,194409.9
248,12000,Florida,9,      Food and beverages purchased for off-premises consumption,80265.9
249,12000,Florida,10,      Clothing and footwear,20212.9
250,12000,Florida,11,      Gasoline and other energy goods,12613.5
251,12000,Florida,12,      Other nondurable goods,81317.6
252,12000,Florida,13,  Services,630837.3
253,12000,Florida,14,    Household consumption expenditures (for services),623838.3
254,12000,Florida,15,      Housing and utilities,201132.9
255,12000,Florida,16,      Health care,145069.5
256,12000,Florida,17,      Transportation services,22555.3
257,12000,Florida,18,      Recreation services,28422.0
258,12000,Florida,19,      Food services and accommodations,60011.2
259,12000,Florida,20,      Financial services and insurance,99342.2
260,12000,Florida,21,      Other services,67305.1
261,12000,Florida,22,    Final consumption expenditures of nonprofit institutions serving households (NPISHs),6999.0
262,12000,Florida,23,      Gross output of nonprofit institutions,59676.2
263,12000,Florida,24,      Less: Receipts from sales of goods and services by nonprofit institutions,52677.2
264,13000,Georgia,1,Personal consumption expenditures,408752.8
265,13000,Georgia,2,  Goods,148190.5
266,13000,Georgia,3,    Durable goods,50199.2
267,13000,Georgia,4,      Motor vehicles and parts,18632.1
268,13000,Georgia,5,      Furnishings and durable household equipment,12085.6
269,13000,Georgia,6,      Recreational goods and vehicles,13178.3
270,13000,Georgia,7,      Other durable goods,6303.3
271,13000,Georgia,8,    Nondurable goods,97991.3
272,13000,Georgia,9,      Food and beverages purchased for off-premises consumption,37301.3
273,13000,Georgia,10,      Clothing and footwear,11342.0
274,13000,Georgia,11,      Gasoline and other energy goods,8371.6
275,13000,Georgia,12,      Other nondurable goods,40976.4
276,13000,Georgia,13,  Services,260562.3
277,13000,Georgia,14,    Household consumption expenditures (for services),253839.2
278,13000,Georgia,15,      Housing and utilities,77008.2
279,13000,Georgia,16,      Health care,63295.5
280,13000,Georgia,17,      Transportation services,12535.3
281,13000,Georgia,18,      Recreation services,13286.3
282,13000,Georgia,19,      Food services and accommodations,25210.7
283,13000,Georgia,20,      Financial services and insurance,30811.1
284,13000,Georgia,21,      Other services,31692.2
285,13000,Georgia,22,    Final consumption expenditures of nonprofit institutions serving households (NPISHs),6723.1
286,13000,Georgia,23,      Gross output of nonprofit institutions,39135.9
287,13000,Georgia,24,      Less: Receipts from sales of goods and services by nonprofit institutions,32412.8
288,15000,Hawaii,1,Personal consumption expenditures,63427.5
289,15000,Hawaii,2,  Goods,19708.9
290,15000,Hawaii,3,    Durable goods,5570.7
291,15000,Hawaii,4,      Motor vehicles and parts,1993.4
292,15000,Hawaii,5,      Furnishings and durable household equipment,1627.0
293,15000,Hawaii,6,      Recreational goods and vehicles,1105.5
294,15000,Hawaii,7,      Other durable goods,844.9
295,15000,Hawaii,8,    Nondurable goods,14138.2
296,15000,Hawaii,9,      Food and beverages purchased for off-premises consumption,6410.4
297,15000,Hawaii,10,      Clothing and footwear,1541.5
298,15000,Hawaii,11,      Gasoline and other energy goods,619.3
299,15000,Hawaii,12,      Other nondurable goods,5567.0
300,15000,Hawaii,13,  Services,43718.6
301,15000,Hawaii,14,    Household consumption expenditures (for services),40256.6
302,15000,Hawaii,15,      Housing and utilities,14639.3
303,15000,Hawaii,16,      Health care,9851.8
304,15000,Hawaii,17,      Transportation services,1323.2
305,15000,Hawaii,18,      Recreation services,1617.2
306,15000,Hawaii,19,      Food services and accommodations,3368.1
307,15000,Hawaii,20,      Financial services and insurance,4807.7
308,15000,Hawaii,21,      Other services,4649.4
309,15000,Hawaii,22,    Final consumption expenditures of nonprofit institutions serving households (NPISHs),3462.0
310,15000,Hawaii,23,      Gross output of nonprofit institutions,8803.1
311,15000,Hawaii,24,      Less: Receipts from sales of goods and services by nonprofit institutions,5341.1
312,16000,Idaho,1,Personal consumption expenditures,64780.6
313,16000,Idaho,2,  Goods,23333.8
314,16000,Idaho,3,    Durable goods,9389.1
315,16000,Idaho,4,      Motor vehicles and parts,3181.4
316,16000,Idaho,5,      Furnishings and durable household equipment,2020.6
317,16000,Idaho,6,      Recreational goods and vehicles,3246.3
318,16000,Idaho,7,      Other durable goods,940.8
319,16000,Idaho,8,    Nondurable goods,13944.7
320,16000,Idaho,9,      Food and beverages purchased for off-premises consumption,5923.8
321,16000,Idaho,10,      Clothing and footwear,1523.8
322,16000,Idaho,11,      Gasoline and other energy goods,1719.4
323,16000,Idaho,12,      Other nondurable goods,4777.8
324,16000,Idaho,13,  Services,41446.8
325,16000,Idaho,14,    Household consumption expenditures (for services),40307.5
326,16000,Idaho,15,      Housing and utilities,12623.9
327,16000,Idaho,16,      Health care,11269.4
328,16000,Idaho,17,      Transportation services,1702.1
329,16000,Idaho,18,      Recreation services,1478.1
330,16000,Idaho,19,      Food services and accommodations,3911.6
331,16000,Idaho,20,      Financial services and insurance,5372.6
332,16000,Idaho,21,      Other services,3949.8
333,16000,Idaho,22,    Final consumption expenditures of nonprofit institutions serving households (NPISHs),1139.3
334,16000,Idaho,23,      Gross output of nonprofit institutions,6435.2
335,16000,Idaho,24,      Less: Receipts from sales of goods and services by nonprofit institutions,5296.0
336,17000,Illinois,1,Personal consumption expenditures,553611.6
337,17000,Illinois,2,  Goods,178371.7
338,17000,Illinois,3,    Durable goods,62018.0
339,17000,Illinois,4,      Motor vehicles and parts,18619.2
340,17000,Illinois,5,      Furnishings and durable household equipment,14626.5
341,17000,Illinois,6,      Recreational goods and vehicles,20082.3
342,17000,Illinois,7,      Other durable goods,8690.1
343,17000,Illinois,8,    Nondurable goods,116353.6
344,17000,Illinois,9,      Food and beverages purchased for off-premises consumption,41251.5
345,17000,Illinois,10,      Clothing and footwear,15330.6
346,17000,Illinois,11,      Gasoline and other energy goods,8289.3
347,17000,Illinois,12,      Other nondurable goods,51482.2
348,17000,Illinois,13,  Services,375239.9
349,17000,Illinois,14,    Household consumption expenditures (for services),343847.0
350,17000,Illinois,15,      Housing and utilities,97622.4
351,17000,Illinois,16,      Health care,86508.7
352,17000,Illinois,17,      Transportation services,17226.9
353,17000,Illinois,18,      Recreation services,16378.5
354,17000,Illinois,19,      Food services and accommodations,29558.1
355,17000,Illinois,20,      Financial services and insurance,48154.2
356,17000,Illinois,21,      Other services,48398.2
357,17000,Illinois,22,    Final consumption expenditures of nonprofit institutions serving households (NPISHs),31392.9
358,17000,Illinois,23,      Gross output of nonprofit institutions,82808.4
359,17000,Illinois,24,      Less: Receipts from sales of goods and services by nonprofit institutions,51415.6
360,18000,Indiana,1,Personal consumption expenditures,257343.1
361,18000,Indiana,2,  Goods,91098.9
362,18000,Indiana,3,    Durable goods,30888.4
363,18000,Indiana,4,      Motor vehicles and parts,11680.7
364,18000,Indiana,5,      Furnishings and durable household equipment,7223.4
365,18000,Indiana,6,      Recreational goods and vehicles,8209.4
366,18000,Indiana,7,      Other durable goods,3774.9
367,18000,Indiana,8,    Nondurable goods,60210.6
368,18000,Indiana,9,      Food and beverages purchased for off-premises consumption,22175.9
369,18000,Indiana,10,      Clothing and footwear,6538.5
370,18000,Indiana,11,      Gasoline and other energy goods,6109.2
371,18000,Indiana,12,      Other nondurable goods,25386.9
372,18000,Indiana,13,  Services,166244.2
373,18000,Indiana,14,    Household consumption expenditures (for services),155914.7
374,18000,Indiana,15,      Housing and utilities,45177.9
375,18000,Indiana,16,      Health care,50715.0
376,18000,Indiana,17,      Transportation services,6107.0
377,18000,Indiana,18,      Recreation services,5334.9
378,18000,Indiana,19,      Food services and accommodations,14552.5
379,18000,Indiana,20,      Financial services and insurance,17908.7
380,18000,Indiana,21,      Other services,16118.6
381,18000,Indiana,22,    Final consumption expenditures of nonprofit institutions serving households (NPISHs),10329.5
382,18000,Indiana,23,      Gross output of nonprofit institutions,30186.6
383,18000,Indiana,24,      Less: Receipts from sales of goods and services by nonprofit institutions,19857.1
384,19000,Iowa,1,Personal consumption expenditures,118904.6
385,19000,Iowa,2,  Goods,43029.9
386,19000,Iowa,3,    Durable goods,15726.7
387,19000,Iowa,4,      Motor vehicles and parts,7073.9
388,19000,Iowa,5,      Furnishings and durable household equipment,3168.8
389,19000,Iowa,6,      Recreational goods and vehicles,3970.4
390,19000,Iowa,7,      Other durable goods,1513.6
391,19000,Iowa,8,    Nondurable goods,27303.1
392,19000,Iowa,9,      Food and beverages purchased for off-premises consumption,9902.7
393,19000,Iowa,10,      Clothing and footwear,2780.1
394,19000,Iowa,11,      Gasoline and other energy goods,3503.5
395,19000,Iowa,12,      Other nondurable goods,11116.8
396,19000,Iowa,13,  Services,75874.7
397,19000,Iowa,14,    Household consumption expenditures (for services),70402.4
398,19000,Iowa,15,      Housing and utilities,21831.3
399,19000,Iowa,16,      Health care,19348.2
400,19000,Iowa,17,      Transportation services,2995.0
401,19000,Iowa,18,      Recreation services,2714.7
402,19000,Iowa,19,      Food services and accommodations,6086.2
403,19000,Iowa,20,      Financial services and insurance,8846.6
404,19000,Iowa,21,      Other services,8580.4
405,19000,Iowa,22,    Final consumption expenditures of nonprofit institutions serving households (NPISHs),5472.3
406,19000,Iowa,23,      Gross output of nonprofit institutions,13943.5
407,19000,Iowa,24,      Less: Receipts from sales of goods and services by nonprofit institutions,8471.2
408,20000,Kansas,1,Personal consumption expenditures,113185.3
409,20000,Kansas,2,  Goods,37822.0
410,20000,Kansas,3,    Durable goods,12469.7
411,20000,Kansas,4,      Motor vehicles and parts,5231.2
412,20000,Kansas,5,      Furnishings and durable household equipment,3213.6
413,20000,Kansas,6,      Recreational goods and vehicles,2488.2
414,20000,Kansas,7,      Other durable goods,1536.7
415,20000,Kansas,8,    Nondurable goods,25352.3
416,20000,Kansas,9,      Food and beverages purchased for off-premises consumption,10698.5
417,20000,Kansas,10,      Clothing and footwear,2592.9
418,20000,Kansas,11,      Gasoline and other energy goods,2148.9
419,20000,Kansas,12,      Other nondurable goods,9912.0
420,20000,Kansas,13,  Services,75363.3
421,20000,Kansas,14,    Household consumption expenditures (for services),71425.5
422,20000,Kansas,15,      Housing and utilities,19877.8
423,20000,Kansas,16,      Health care,19542.8
424,20000,Kansas,17,      Transportation services,2714.3
425,20000,Kansas,18,      Recreation services,2985.0
426,20000,Kansas,19,      Food services and accommodations,5972.7
427,20000,Kansas,20,      Financial services and insurance,10219.1
428,20000,Kansas,21,      Other services,10113.7
429,20000,Kansas,22,    Final consumption expenditures of nonprofit institutions serving households (NPISHs),3937.8
430,20000,Kansas,23,      Gross output of nonprofit institutions,13279.9
431,20000,Kansas,24,      Less: Receipts from sales of goods and services by nonprofit institutions,9342.1
432,21000,Kentucky,1,Personal consumption expenditures,163749.9
433,21000,Kentucky,2,  Goods,60177.5
434,21000,Kentucky,3,    Durable goods,18266.0
435,21000,Kentucky,4,      Motor vehicles and parts,7160.7
436,21000,Kentucky,5,      Furnishings and durable household equipment,4442.5
437,21000,Kentucky,6,      Recreational goods and vehicles,4360.7
438,21000,Kentucky,7,      Other durable goods,2302.1
439,21000,Kentucky,8,    Nondurable goods,41911.5
440,21000,Kentucky,9,      Food and beverages purchased for off-premises consumption,16030.9
441,21000,Kentucky,10,      Clothing and footwear,3840.7
442,21000,Kentucky,11,      Gasoline and other energy goods,3802.8
443,21000,Kentucky,12,      Other nondurable goods,18237.1
444,21000,Kentucky,13,  Services,103572.4
445,21000,Kentucky,14,    Household consumption expenditures (for services),97403.5
446,21000,Kentucky,15,      Housing and utilities,27926.6
447,21000,Kentucky,16,      Health care,29373.4
448,21000,Kentucky,17,      Transportation services,3187.8
449,21000,Kentucky,18,      Recreation services,4191.4
450,21000,Kentucky,19,      Food services and accommodations,9124.2
451,21000,Kentucky,20,      Financial services and insurance,12774.7
452,21000,Kentucky,21,      Other services,10825.4
453,21000,Kentucky,22,    Final consumption expenditures of nonprofit institutions serving households (NPISHs),6168.9
454,21000,Kentucky,23,      Gross output of nonprofit institutions,18188.0
455,21000,Kentucky,24,      Less: Receipts from sales of goods and services by nonprofit institutions,12019.1
456,22000,Louisiana,1,Personal consumption expenditures,173521.0
457,22000,Louisiana,2,  Goods,61376.2
458,22000,Louisiana,3,    Durable goods,20221.3
459,22000,Louisiana,4,      Motor vehicles and parts,8938.1
460,22000,Louisiana,5,      Furnishings and durable household equipment,5198.4
461,22000,Louisiana,6,      Recreational goods and vehicles,3968.1
462,22000,Louisiana,7,      Other durable goods,2116.7
463,22000,Louisiana,8,    Nondurable goods,41154.9
464,22000,Louisiana,9,      Food and beverages purchased for off-premises consumption,15056.7
465,22000,Louisiana,10,      Clothing and footwear,4611.1
466,22000,Louisiana,11,      Gasoline and other energy goods,3767.0
467,22000,Louisiana,12,      Other nondurable goods,17720.1
468,22000,Louisiana,13,  Services,112144.8
469,22000,Louisiana,14,    Household consumption expenditures (for services),107743.0
470,22000,Louisiana,15,      Housing and utilities,30840.5
471,22000,Louisiana,16,      Health care,31317.1
472,22000,Louisiana,17,      Transportation services,3422.2
473,22000,Louisiana,18,      Recreation services,4153.3
474,22000,Louisiana,19,      Food services and accommodations,10886.6
475,22000,Louisiana,20,      Financial services and insurance,15146.2
476,22000,Louisiana,21,      Other services,11977.0
477,22000,Louisiana,22,    Final consumption expenditures of nonprofit institutions serving households (NPISHs),4401.8
478,22000,Louisiana,23,      Gross output of nonprofit institutions,15007.5
479,22000,Louisiana,24,      Less: Receipts from sales of goods and services by nonprofit institutions,10605.7
480,23000,Maine,1,Personal consumption expenditures,61123.8
481,23000,Maine,2,  Goods,21163.3
482,23000,Maine,3,    Durable goods,6750.7
483,23000,Maine,4,      Motor vehicles and parts,2662.7
484,23000,Maine,5,      Furnishings and durable household equipment,1715.6
485,23000,Maine,6,      Recreational goods and vehicles,1658.3
486,23000,Maine,7,      Other durable goods,714.2
487,23000,Maine,8,    Nondurable goods,14412.6
488,23000,Maine,9,      Food and beverages purchased for off-premises consumption,5857.3
489,23000,Maine,10,      Clothing and footwear,1178.5
490,23000,Maine,11,      Gasoline and other energy goods,1528.9
491,23000,Maine,12,      Other nondurable goods,5847.9
492,23000,Maine,13,  Services,39960.4
493,23000,Maine,14,    Household consumption expenditures (for services),36563.5
494,23000,Maine,15,      Housing and utilities,11526.6
495,23000,Maine,16,      Health care,10599.8
496,23000,Maine,17,      Transportation services,1382.9
497,23000,Maine,18,      Recreation services,1846.5
498,23000,Maine,19,      Food services and accommodations,3377.2
499,23000,Maine,20,      Financial services and insurance,3717.6
500,23000,Maine,21,      Other services,4112.9
501,23000,Maine,22,    Final consumption expenditures of nonprofit institutions serving households (NPISHs),3397.0
502,23000,Maine,23,      Gross output of nonprofit institutions,7683.0
503,23000,Maine,24,      Less: Receipts from sales of goods and services by nonprofit institutions,4286.0
504,24000,Maryland,1,Personal consumption expenditures,268456.8
505,24000,Maryland,2,  Goods,83858.8
506,24000,Maryland,3,    Durable goods,28157.8
507,24000,Maryland,4,      Motor vehicles and parts,9035.7
508,24000,Maryland,5,      Furnishings and durable household equipment,6636.2
509,24000,Maryland,6,      Recreational goods and vehicles,8559.9
510,24000,Maryland,7,      Other durable goods,3926.0
511,24000,Maryland,8,    Nondurable goods,55701.0
512,24000,Maryland,9,      Food and beverages purchased for off-premises consumption,19075.0
513,24000,Maryland,10,      Clothing and footwear,6448.0
514,24000,Maryland,11,      Gasoline and other energy goods,4241.1
515,24000,Maryland,12,      Other nondurable goods,25936.8
516,24000,Maryland,13,  Services,184598.0
517,24000,Maryland,14,    Household consumption expenditures (for services),173929.8
518,24000,Maryland,15,      Housing and utilities,56252.7
519,24000,Maryland,16,      Health care,43514.1
520,24000,Maryland,17,      Transportation services,7213.4
521,24000,Maryland,18,      Recreation services,7720.5
522,24000,Maryland,19,      Food services and accommodations,14843.7
523,24000,Maryland,20,      Financial services and insurance,20905.6
524,24000,Maryland,21,      Other services,23479.8
525,24000,Maryland,22,    Final consumption expenditures of nonprofit institutions serving households (NPISHs),10668.2
526,24000,Maryland,23,      Gross output of nonprofit institutions,37098.1
527,24000,Maryland,24,      Less: Receipts from sales of goods and services by nonprofit institutions,26429.9
528,25000,Massachusetts,1,Personal consumption expenditures,358472.3
529,25000,Massachusetts,2,  Goods,107280.8
530,25000,Massachusetts,3,    Durable goods,35926.4
531,25000,Massachusetts,4,      Motor vehicles and parts,10135.0
532,25000,Massachusetts,5,      Furnishings and durable household equipment,8892.4
533,25000,Massachusetts,6,      Recreational goods and vehicles,11582.0
534,25000,Massachusetts,7,      Other durable goods,5317.0
535,25000,Massachusetts,8,    Nondurable goods,71354.5
536,25000,Massachusetts,9,      Food and beverages purchased for off-premises consumption,28317.3
537,25000,Massachusetts,10,      Clothing and footwear,8069.6
538,25000,Massachusetts,11,      Gasoline and other energy goods,4138.2
539,25000,Massachusetts,12,      Other nondurable goods,30829.4
540,25000,Massachusetts,13,  Services,251191.4
541,25000,Massachusetts,14,    Household consumption expenditures (for services),234545.0
542,25000,Massachusetts,15,      Housing and utilities,67721.4
543,25000,Massachusetts,16,      Health care,59981.9
544,25000,Massachusetts,17,      Transportation services,10416.2
545,25000,Massachusetts,18,      Recreation services,11839.7
546,25000,Massachusetts,19,      Food services and accommodations,18907.6
547,25000,Massachusetts,20,      Financial services and insurance,33202.6
548,25000,Massachusetts,21,      Other services,32475.7
549,25000,Massachusetts,22,    Final consumption expenditures of nonprofit institutions serving households (NPISHs),16646.4
550,25000,Massachusetts,23,      Gross output of nonprofit institutions,45268.8
551,25000,Massachusetts,24,      Less: Receipts from sales of goods and services by nonprofit institutions,28622.4
552,26000,Michigan,1,Personal consumption expenditures,411364.2
553,26000,Michigan,2,  Goods,134276.4
554,26000,Michigan,3,    Durable goods,45031.0
555,26000,Michigan,4,      Motor vehicles and parts,14773.9
556,26000,Michigan,5,      Furnishings and durable household equipment,10184.4
557,26000,Michigan,6,      Recreational goods and vehicles,13740.3
558,26000,Michigan,7,      Other durable goods,6332.4
559,26000,Michigan,8,    Nondurable goods,89245.3
560,26000,Michigan,9,      Food and beverages purchased for off-premises consumption,35198.4
561,26000,Michigan,10,      Clothing and footwear,9639.0
562,26000,Michigan,11,      Gasoline and other energy goods,7849.7
563,26000,Michigan,12,      Other nondurable goods,36558.3
564,26000,Michigan,13,  Services,277087.8
565,26000,Michigan,14,    Household consumption expenditures (for services),252452.9
566,26000,Michigan,15,      Housing and utilities,74905.8
567,26000,Michigan,16,      Health care,66288.9
568,26000,Michigan,17,      Transportation services,9139.1
569,26000,Michigan,18,      Recreation services,9211.5
570,26000,Michigan,19,      Food services and accommodations,19198.3
571,26000,Michigan,20,      Financial services and insurance,45706.1
572,26000,Michigan,21,      Other services,28003.2
573,26000,Michigan,22,    Final consumption expenditures of nonprofit institutions serving households (NPISHs),24635.0
574,26000,Michigan,23,      Gross output of nonprofit institutions,59648.7
575,26000,Michigan,24,      Less: Receipts from sales of goods and services by nonprofit institutions,35013.8
576,27000,Minnesota,1,Personal consumption expenditures,251204.7
577,27000,Minnesota,2,  Goods,79308.3
578,27000,Minnesota,3,    Durable goods,32654.4
579,27000,Minnesota,4,      Motor vehicles and parts,11306.7
580,27000,Minnesota,5,      Furnishings and durable household equipment,6209.8
581,27000,Minnesota,6,      Recreational goods and vehicles,12060.9
582,27000,Minnesota,7,      Other durable goods,3077.0
583,27000,Minnesota,8,    Nondurable goods,46653.9
584,27000,Minnesota,9,      Food and beverages purchased for off-premises consumption,17792.1
585,27000,Minnesota,10,      Clothing and footwear,6014.7
586,27000,Minnesota,11,      Gasoline and other energy goods,5029.7
587,27000,Minnesota,12,      Other nondurable goods,17817.4
588,27000,Minnesota,13,  Services,171896.4
589,27000,Minnesota,14,    Household consumption expenditures (for services),159791.9
590,27000,Minnesota,15,      Housing and utilities,47004.5
591,27000,Minnesota,16,      Health care,45394.5
592,27000,Minnesota,17,      Transportation services,6069.4
593,27000,Minnesota,18,      Recreation services,6058.9
594,27000,Minnesota,19,      Food services and accommodations,11143.1
595,27000,Minnesota,20,      Financial services and insurance,23193.9
596,27000,Minnesota,21,      Other services,20927.6
597,27000,Minnesota,22,    Final consumption expenditures of nonprofit institutions serving households (NPISHs),12104.6
598,27000,Minnesota,23,      Gross output of nonprofit institutions,35084.2
599,27000,Minnesota,24,      Less: Receipts from sales of goods and services by nonprofit institutions,22979.6
600,28000,Mississippi,1,Personal consumption expenditures,95998.3
601,28000,Mississippi,2,  Goods,36498.8
602,28000,Mississippi,3,    Durable goods,11040.4
603,28000,Mississippi,4,      Motor vehicles and parts,4798.2
604,28000,Mississippi,5,      Furnishings and durable household equipment,2592.8
605,28000,Mississippi,6,      Recreational goods and vehicles,2218.2
606,28000,Mississippi,7,      Other durable goods,1431.2
607,28000,Mississippi,8,    Nondurable goods,25458.5
608,28000,Mississippi,9,      Food and beverages purchased for off-premises consumption,9525.5
609,28000,Mississippi,10,      Clothing and footwear,2831.0
610,28000,Mississippi,11,      Gasoline and other energy goods,2489.0
611,28000,Mississippi,12,      Other nondurable goods,10613.0
612,28000,Mississippi,13,  Services,59499.4
613,28000,Mississippi,14,    Household consumption expenditures (for services),56778.7
614,28000,Mississippi,15,      Housing and utilities,16795.1
615,28000,Mississippi,16,      Health care,17988.5
616,28000,Mississippi,17,      Transportation services,1900.8
617,28000,Mississippi,18,      Recreation services,2085.9
618,28000,Mississippi,19,      Food services and accommodations,5931.2
619,28000,Mississippi,20,      Financial services and insurance,5926.7
620,28000,Mississippi,21,      Other services,6150.4
621,28000,Mississippi,22,    Final consumption expenditures of nonprofit institutions serving households (NPISHs),2720.8
622,28000,Mississippi,23,      Gross output of nonprofit institutions,10264.9
623,28000,Mississippi,24,      Less: Receipts from sales of goods and services by nonprofit institutions,7544.2
624,29000,Missouri,1,Personal consumption expenditures,246053.1
625,29000,Missouri,2,  Goods,82202.8
626,29000,Missouri,3,    Durable goods,27567.6
627,29000,Missouri,4,      Motor vehicles and parts,11519.7
628,29000,Missouri,5,      Furnishings and durable household equipment,6315.0
629,29000,Missouri,6,      Recreational goods and vehicles,6568.4
630,29000,Missouri,7,      Other durable goods,3164.5
631,29000,Missouri,8,    Nondurable goods,54635.3
632,29000,Missouri,9,      Food and beverages purchased for off-premises consumption,19288.5
633,29000,Missouri,10,      Clothing and footwear,5845.6
634,29000,Missouri,11,      Gasoline and other energy goods,6423.3
635,29000,Missouri,12,      Other nondurable goods,23077.8
636,29000,Missouri,13,  Services,163850.2
637,29000,Missouri,14,    Household consumption expenditures (for services),154794.5
638,29000,Missouri,15,      Housing and utilities,42079.6
639,29000,Missouri,16,      Health care,43556.7
640,29000,Missouri,17,      Transportation services,6551.7
641,29000,Missouri,18,      Recreation services,7489.7
642,29000,Missouri,19,      Food services and accommodations,13665.7
643,29000,Missouri,20,      Financial services and insurance,21547.5
644,29000,Missouri,21,      Other services,19903.6
645,29000,Missouri,22,    Final consumption expenditures of nonprofit institutions serving households (NPISHs),9055.7
646,29000,Missouri,23,      Gross output of nonprofit institutions,26829.6
647,29000,Missouri,24,      Less: Receipts from sales of goods and services by nonprofit institutions,17773.9
648,30000,Montana,1,Personal consumption expenditures,45719.5
649,30000,Montana,2,  Goods,15796.9
650,30000,Montana,3,    Durable goods,6286.3
651,30000,Montana,4,      Motor vehicles and parts,2476.1
652,30000,Montana,5,      Furnishings and durable household equipment,1364.0
653,30000,Montana,6,      Recreational goods and vehicles,1833.4
654,30000,Montana,7,      Other durable goods,612.8
655,30000,Montana,8,    Nondurable goods,9510.6
656,30000,Montana,9,      Food and beverages purchased for off-premises consumption,4121.7
657,30000,Montana,10,      Clothing and footwear,959.3
658,30000,Montana,11,      Gasoline and other energy goods,1015.0
659,30000,Montana,12,      Other nondurable goods,3414.7
660,30000,Montana,13,  Services,29922.6
661,30000,Montana,14,    Household consumption expenditures (for services),27957.3
662,30000,Montana,15,      Housing and utilities,8211.1
663,30000,Montana,16,      Health care,8169.2
664,30000,Montana,17,      Transportation services,1395.3
665,30000,Montana,18,      Recreation services,1470.4
666,30000,Montana,19,      Food services and accommodations,2650.2
667,30000,Montana,20,      Financial services and insurance,3164.4
668,30000,Montana,21,      Other services,2896.8
669,30000,Montana,22,    Final consumption expenditures of nonprofit institutions serving households (NPISHs),1965.3
670,30000,Montana,23,      Gross output of nonprofit institutions,5389.6
671,30000,Montana,24,      Less: Receipts from sales of goods and services by nonprofit institutions,3424.3
672,31000,Nebraska,1,Personal consumption expenditures,79713.9
673,31000,Nebraska,2,  Goods,27528.7
674,31000,Nebraska,3,    Durable goods,10469.7
675,31000,Nebraska,4,      Motor vehicles and parts,4448.9
676,31000,Nebraska,5,      Furnishings and durable household equipment,2072.4
677,31000,Nebraska,6,      Recreational goods and vehicles,2595.5
678,31000,Nebraska,7,      Other durable goods,1352.9
679,31000,Nebraska,8,    Nondurable goods,17059.1
680,31000,Nebraska,9,      Food and beverages purchased for off-premises consumption,6484.1
681,31000,Nebraska,10,      Clothing and footwear,1802.0
682,31000,Nebraska,11,      Gasoline and other energy goods,2096.0
683,31000,Nebraska,12,      Other nondurable goods,6677.0
684,31000,Nebraska,13,  Services,52185.2
685,31000,Nebraska,14,    Household consumption expenditures (for services),48999.8
686,31000,Nebraska,15,      Housing and utilities,13773.7
687,31000,Nebraska,16,      Health care,14270.7
688,31000,Nebraska,17,      Transportation services,2090.4
689,31000,Nebraska,18,      Recreation services,1641.5
690,31000,Nebraska,19,      Food services and accommodations,4121.1
691,31000,Nebraska,20,      Financial services and insurance,7681.7
692,31000,Nebraska,21,      Other services,5420.8
693,31000,Nebraska,22,    Final consumption expenditures of nonprofit institutions serving households (NPISHs),3185.3
694,31000,Nebraska,23,      Gross output of nonprofit institutions,9352.3
695,31000,Nebraska,24,      Less: Receipts from sales of goods and services by nonprofit institutions,6167.0
696,32000,Nevada,1,Personal consumption expenditures,123053.7
697,32000,Nevada,2,  Goods,43295.9
698,32000,Nevada,3,    Durable goods,15099.9
699,32000,Nevada,4,      Motor vehicles and parts,4897.6
700,32000,Nevada,5,      Furnishings and durable household equipment,3607.9
701,32000,Nevada,6,      Recreational goods and vehicles,4772.0
702,32000,Nevada,7,      Other durable goods,1822.4
703,32000,Nevada,8,    Nondurable goods,28196.0
704,32000,Nevada,9,      Food and beverages purchased for off-premises consumption,11281.6
705,32000,Nevada,10,      Clothing and footwear,3212.1
706,32000,Nevada,11,      Gasoline and other energy goods,2015.1
707,32000,Nevada,12,      Other nondurable goods,11687.2
708,32000,Nevada,13,  Services,79757.8
709,32000,Nevada,14,    Household consumption expenditures (for services),75415.3
710,32000,Nevada,15,      Housing and utilities,25862.5
711,32000,Nevada,16,      Health care,17216.5
712,32000,Nevada,17,      Transportation services,3158.9
713,32000,Nevada,18,      Recreation services,3798.1
714,32000,Nevada,19,      Food services and accommodations,7028.9
715,32000,Nevada,20,      Financial services and insurance,10185.1
716,32000,Nevada,21,      Other services,8165.4
717,32000,Nevada,22,    Final consumption expenditures of nonprofit institutions serving households (NPISHs),4342.5
718,32000,Nevada,23,      Gross output of nonprofit institutions,13523.3
719,32000,Nevada,24,      Less: Receipts from sales of goods and services by nonprofit institutions,9180.8
720,33000,New Hampshire,1,Personal consumption expenditures,70718.9
721,33000,New Hampshire,2,  Goods,22320.4
722,33000,New Hampshire,3,    Durable goods,7802.7
723,33000,New Hampshire,4,      Motor vehicles and parts,3058.8
724,33000,New Hampshire,5,      Furnishings and durable household equipment,1905.0
725,33000,New Hampshire,6,      Recreational goods and vehicles,1861.7
726,33000,New Hampshire,7,      Other durable goods,977.2
727,33000,New Hampshire,8,    Nondurable goods,14517.7
728,33000,New Hampshire,9,      Food and beverages purchased for off-premises consumption,5987.9
729,33000,New Hampshire,10,      Clothing and footwear,1681.9
730,33000,New Hampshire,11,      Gasoline and other energy goods,1223.8
731,33000,New Hampshire,12,      Other nondurable goods,5624.1
732,33000,New Hampshire,13,  Services,48398.5
733,33000,New Hampshire,14,    Household consumption expenditures (for services),44831.6
734,33000,New Hampshire,15,      Housing and utilities,12604.8
735,33000,New Hampshire,16,      Health care,11967.0
736,33000,New Hampshire,17,      Transportation services,1830.2
737,33000,New Hampshire,18,      Recreation services,2171.2
738,33000,New Hampshire,19,      Food services and accommodations,3531.7
739,33000,New Hampshire,20,      Financial services and insurance,6999.3
740,33000,New Hampshire,21,      Other services,5727.4
741,33000,New Hampshire,22,    Final consumption expenditures of nonprofit institutions serving households (NPISHs),3567.0
742,33000,New Hampshire,23,      Gross output of nonprofit institutions,9019.1
743,33000,New Hampshire,24,      Less: Receipts from sales of goods and services by nonprofit institutions,5452.2
744,34000,New Jersey,1,Personal consumption expenditures,446078.4
745,34000,New Jersey,2,  Goods,142099.5
746,34000,New Jersey,3,    Durable goods,46122.7
747,34000,New Jersey,4,      Motor vehicles and parts,13288.0
748,34000,New Jersey,5,      Furnishings and durable household equipment,12548.7
749,34000,New Jersey,6,      Recreational goods and vehicles,13026.6
750,34000,New Jersey,7,      Other durable goods,7259.4
751,34000,New Jersey,8,    Nondurable goods,95976.8
752,34000,New Jersey,9,      Food and beverages purchased for off-premises consumption,33794.1
753,34000,New Jersey,10,      Clothing and footwear,11844.5
754,34000,New Jersey,11,      Gasoline and other energy goods,5936.0
755,34000,New Jersey,12,      Other nondurable goods,44402.3
756,34000,New Jersey,13,  Services,303978.9
757,34000,New Jersey,14,    Household consumption expenditures (for services),273919.4
758,34000,New Jersey,15,      Housing and utilities,86637.1
759,34000,New Jersey,16,      Health care,69506.9
760,34000,New Jersey,17,      Transportation services,9784.6
761,34000,New Jersey,18,      Recreation services,13122.3
762,34000,New Jersey,19,      Food services and accommodations,20474.6
763,34000,New Jersey,20,      Financial services and insurance,36812.7
764,34000,New Jersey,21,      Other services,37581.2
765,34000,New Jersey,22,    Final consumption expenditures of nonprofit institutions serving households (NPISHs),30059.5
766,34000,New Jersey,23,      Gross output of nonprofit institutions,72835.0
767,34000,New Jersey,24,      Less: Receipts from sales of goods and services by nonprofit institutions,42775.5
768,35000,New Mexico,1,Personal consumption expenditures,74276.4
769,35000,New Mexico,2,  Goods,25085.2
770,35000,New Mexico,3,    Durable goods,8559.9
771,35000,New Mexico,4,      Motor vehicles and parts,3454.9
772,35000,New Mexico,5,      Furnishings and durable household equipment,2070.8
773,35000,New Mexico,6,      Recreational goods and vehicles,1736.3
774,35000,New Mexico,7,      Other durable goods,1298.0
775,35000,New Mexico,8,    Nondurable goods,16525.3
776,35000,New Mexico,9,      Food and beverages purchased for off-premises consumption,6926.2
777,35000,New Mexico,10,      Clothing and footwear,1660.4
778,35000,New Mexico,11,      Gasoline and other energy goods,1626.3
779,35000,New Mexico,12,      Other nondurable goods,6312.4
780,35000,New Mexico,13,  Services,49191.1
781,35000,New Mexico,14,    Household consumption expenditures (for services),46208.7
782,35000,New Mexico,15,      Housing and utilities,14056.1
783,35000,New Mexico,16,      Health care,13517.5
784,35000,New Mexico,17,      Transportation services,1645.6
785,35000,New Mexico,18,      Recreation services,1649.0
786,35000,New Mexico,19,      Food services and accommodations,4643.0
787,35000,New Mexico,20,      Financial services and insurance,5994.6
788,35000,New Mexico,21,      Other services,4703.0
789,35000,New Mexico,22,    Final consumption expenditures of nonprofit institutions serving households (NPISHs),2982.4
790,35000,New Mexico,23,      Gross output of nonprofit institutions,8958.2
791,35000,New Mexico,24,      Less: Receipts from sales of goods and services by nonprofit institutions,5975.8
792,36000,New York,1,Personal consumption expenditures,961707.3
793,36000,New York,2,  Goods,288289.3
794,36000,New York,3,    Durable goods,84196.6
795,36000,New York,4,      Motor vehicles and parts,22605.5
796,36000,New York,5,      Furnishings and durable household equipment,23724.1
797,36000,New York,6,      Recreational goods and vehicles,24055.6
798,36000,New York,7,      Other durable goods,13811.3
799,36000,New York,8,    Nondurable goods,204092.7
800,36000,New York,9,      Food and beverages purchased for off-premises consumption,68632.7
801,36000,New York,10,      Clothing and footwear,25579.1
802,36000,New York,11,      Gasoline and other energy goods,9099.7
803,36000,New York,12,      Other nondurable goods,100781.3
804,36000,New York,13,  Services,673418.0
805,36000,New York,14,    Household consumption expenditures (for services),625320.9
806,36000,New York,15,      Housing and utilities,180971.3
807,36000,New York,16,      Health care,166004.1
808,36000,New York,17,      Transportation services,24379.1
809,36000,New York,18,      Recreation services,25321.9
810,36000,New York,19,      Food services and accommodations,48830.3
811,36000,New York,20,      Financial services and insurance,95982.5
812,36000,New York,21,      Other services,83831.8
813,36000,New York,22,    Final consumption expenditures of nonprofit institutions serving households (NPISHs),48097.1
814,36000,New York,23,      Gross output of nonprofit institutions,144672.8
815,36000,New York,24,      Less: Receipts from sales of goods and services by nonprofit institutions,96575.7
816,37000,North Carolina,1,Personal consumption expenditures,405953.5
817,37000,North Carolina,2,  Goods,149739.7
818,37000,North Carolina,3,    Durable goods,52888.4
819,37000,North Carolina,4,      Motor vehicles and parts,18550.9
820,37000,North Carolina,5,      Furnishings and durable household equipment,12499.0
821,37000,North Carolina,6,      Recreational goods and vehicles,15822.2
822,37000,North Carolina,7,      Other durable goods,6016.3
823,37000,North Carolina,8,    Nondurable goods,96851.3
824,37000,North Carolina,9,      Food and beverages purchased for off-premises consumption,36786.5
825,37000,North Carolina,10,      Clothing and footwear,10785.5
826,37000,North Carolina,11,      Gasoline and other energy goods,8249.8
827,37000,North Carolina,12,      Other nondurable goods,41029.5
828,37000,North Carolina,13,  Services,256213.8
829,37000,North Carolina,14,    Household consumption expenditures (for services),253103.7
830,37000,North Carolina,15,      Housing and utilities,74877.0
831,37000,North Carolina,16,      Health care,66259.5
832,37000,North Carolina,17,      Transportation services,9005.0
833,37000,North Carolina,18,      Recreation services,12871.0
834,37000,North Carolina,19,      Food services and accommodations,23977.7
835,37000,North Carolina,20,      Financial services and insurance,31651.3
836,37000,North Carolina,21,      Other services,34462.1
837,37000,North Carolina,22,    Final consumption expenditures of nonprofit institutions serving households (NPISHs),3110.1
838,37000,North Carolina,23,      Gross output of nonprofit institutions,33041.0
839,37000,North Carolina,24,      Less: Receipts from sales of goods and services by nonprofit institutions,29930.9
840,38000,North Dakota,1,Personal consumption expenditures,33631.3
841,38000,North Dakota,2,  Goods,11109.9
842,38000,North Dakota,3,    Durable goods,4386.6
843,38000,North Dakota,4,      Motor vehicles and parts,1572.1
844,38000,North Dakota,5,      Furnishings and durable household equipment,1000.3
845,38000,North Dakota,6,      Recreational goods and vehicles,1377.2
846,38000,North Dakota,7,      Other durable goods,437.1
847,38000,North Dakota,8,    Nondurable goods,6723.3
848,38000,North Dakota,9,      Food and beverages purchased for off-premises consumption,2462.3
849,38000,North Dakota,10,      Clothing and footwear,892.7
850,38000,North Dakota,11,      Gasoline and other energy goods,512.2
851,38000,North Dakota,12,      Other nondurable goods,2856.1
852,38000,North Dakota,13,  Services,22521.4
853,38000,North Dakota,14,    Household consumption expenditures (for services),20876.0
854,38000,North Dakota,15,      Housing and utilities,5164.4
855,38000,North Dakota,16,      Health care,6886.1
856,38000,North Dakota,17,      Transportation services,946.5
857,38000,North Dakota,18,      Recreation services,807.5
858,38000,North Dakota,19,      Food services and accommodations,1749.8
859,38000,North Dakota,20,      Financial services and insurance,2833.0
860,38000,North Dakota,21,      Other services,2488.8
861,38000,North Dakota,22,    Final consumption expenditures of nonprofit institutions serving households (NPISHs),1645.4
862,38000,North Dakota,23,      Gross output of nonprofit institutions,3919.5
863,38000,North Dakota,24,      Less: Receipts from sales of goods and services by nonprofit institutions,2274.1
864,39000,Ohio,1,Personal consumption expenditures,466159.7
865,39000,Ohio,2,  Goods,160334.8
866,39000,Ohio,3,    Durable goods,55136.1
867,39000,Ohio,4,      Motor vehicles and parts,19110.0
868,39000,Ohio,5,      Furnishings and durable household equipment,13216.0
869,39000,Ohio,6,      Recreational goods and vehicles,16414.0
870,39000,Ohio,7,      Other durable goods,6396.1
871,39000,Ohio,8,    Nondurable goods,105198.8
872,39000,Ohio,9,      Food and beverages purchased for off-premises consumption,41397.2
873,39000,Ohio,10,      Clothing and footwear,10849.2
874,39000,Ohio,11,      Gasoline and other energy goods,8834.1
875,39000,Ohio,12,      Other nondurable goods,44118.3
876,39000,Ohio,13,  Services,305824.9
877,39000,Ohio,14,    Household consumption expenditures (for services),280924.2
878,39000,Ohio,15,      Housing and utilities,77921.5
879,39000,Ohio,16,      Health care,87782.0
880,39000,Ohio,17,      Transportation services,9637.0
881,39000,Ohio,18,      Recreation services,12357.6
882,39000,Ohio,19,      Food services and accommodations,24694.6
883,39000,Ohio,20,      Financial services and insurance,35758.9
884,39000,Ohio,21,      Other services,32772.5
885,39000,Ohio,22,    Final consumption expenditures of nonprofit institutions serving households (NPISHs),24900.7
886,39000,Ohio,23,      Gross output of nonprofit institutions,64403.9
887,39000,Ohio,24,      Less: Receipts from sales of goods and services by nonprofit institutions,39503.2
888,40000,Oklahoma,1,Personal consumption expenditures,137469.2
889,40000,Oklahoma,2,  Goods,50002.3
890,40000,Oklahoma,3,    Durable goods,18006.4
891,40000,Oklahoma,4,      Motor vehicles and parts,8227.5
892,40000,Oklahoma,5,      Furnishings and durable household equipment,4078.2
893,40000,Oklahoma,6,      Recreational goods and vehicles,3645.5
894,40000,Oklahoma,7,      Other durable goods,2055.2
895,40000,Oklahoma,8,    Nondurable goods,31995.9
896,40000,Oklahoma,9,      Food and beverages purchased for off-premises consumption,10527.4
897,40000,Oklahoma,10,      Clothing and footwear,4272.0
898,40000,Oklahoma,11,      Gasoline and other energy goods,3893.1
899,40000,Oklahoma,12,      Other nondurable goods,13303.4
900,40000,Oklahoma,13,  Services,87466.9
901,40000,Oklahoma,14,    Household consumption expenditures (for services),84583.9
902,40000,Oklahoma,15,      Housing and utilities,24491.0
903,40000,Oklahoma,16,      Health care,24366.1
904,40000,Oklahoma,17,      Transportation services,3050.9
905,40000,Oklahoma,18,      Recreation services,3416.9
906,40000,Oklahoma,19,      Food services and accommodations,9092.0
907,40000,Oklahoma,20,      Financial services and insurance,10113.4
908,40000,Oklahoma,21,      Other services,10053.5
909,40000,Oklahoma,22,    Final consumption expenditures of nonprofit institutions serving households (NPISHs),2883.0
910,40000,Oklahoma,23,      Gross output of nonprofit institutions,15154.0
911,40000,Oklahoma,24,      Less: Receipts from sales of goods and services by nonprofit institutions,12271.0
912,41000,Oregon,1,Personal consumption expenditures,178375.4
913,41000,Oregon,2,  Goods,61071.7
914,41000,Oregon,3,    Durable goods,23431.7
915,41000,Oregon,4,      Motor vehicles and parts,6751.1
916,41000,Oregon,5,      Furnishings and durable household equipment,5873.4
917,41000,Oregon,6,      Recreational goods and vehicles,8359.7
918,41000,Oregon,7,      Other durable goods,2447.5
919,41000,Oregon,8,    Nondurable goods,37640.0
920,41000,Oregon,9,      Food and beverages purchased for off-premises consumption,16660.8
921,41000,Oregon,10,      Clothing and footwear,4825.9
922,41000,Oregon,11,      Gasoline and other energy goods,3000.9
923,41000,Oregon,12,      Other nondurable goods,13152.5
924,41000,Oregon,13,  Services,117303.7
925,41000,Oregon,14,    Household consumption expenditures (for services),110063.7
926,41000,Oregon,15,      Housing and utilities,36237.4
927,41000,Oregon,16,      Health care,30214.8
928,41000,Oregon,17,      Transportation services,4563.5
929,41000,Oregon,18,      Recreation services,4842.5
930,41000,Oregon,19,      Food services and accommodations,10295.6
931,41000,Oregon,20,      Financial services and insurance,12612.2
932,41000,Oregon,21,      Other services,11297.7
933,41000,Oregon,22,    Final consumption expenditures of nonprofit institutions serving households (NPISHs),7240.0
934,41000,Oregon,23,      Gross output of nonprofit institutions,22248.5
935,41000,Oregon,24,      Less: Receipts from sales of goods and services by nonprofit institutions,15008.6
936,42000,Pennsylvania,1,Personal consumption expenditures,570772.0
937,42000,Pennsylvania,2,  Goods,182162.3
938,42000,Pennsylvania,3,    Durable goods,62471.5
939,42000,Pennsylvania,4,      Motor vehicles and parts,20235.1
940,42000,Pennsylvania,5,      Furnishings and durable household equipment,14572.7
941,42000,Pennsylvania,6,      Recreational goods and vehicles,19656.7
942,42000,Pennsylvania,7,      Other durable goods,8006.9
943,42000,Pennsylvania,8,    Nondurable goods,119690.8
944,42000,Pennsylvania,9,      Food and beverages purchased for off-premises consumption,42619.2
945,42000,Pennsylvania,10,      Clothing and footwear,13002.2
946,42000,Pennsylvania,11,      Gasoline and other energy goods,10931.8
947,42000,Pennsylvania,12,      Other nondurable goods,53137.6
948,42000,Pennsylvania,13,  Services,388609.7
949,42000,Pennsylvania,14,    Household consumption expenditures (for services),359741.2
950,42000,Pennsylvania,15,      Housing and utilities,99299.6
951,42000,Pennsylvania,16,      Health care,100917.0
952,42000,Pennsylvania,17,      Transportation services,12952.7
953,42000,Pennsylvania,18,      Recreation services,15184.3
954,42000,Pennsylvania,19,      Food services and accommodations,25252.9
955,42000,Pennsylvania,20,      Financial services and insurance,50957.1
956,42000,Pennsylvania,21,      Other services,55177.5
957,42000,Pennsylvania,22,    Final consumption expenditures of nonprofit institutions serving households (NPISHs),28868.5
958,42000,Pennsylvania,23,      Gross output of nonprofit institutions,75282.7
959,42000,Pennsylvania,24,      Less: Receipts from sales of goods and services by nonprofit institutions,46414.2
960,44000,Rhode Island,1,Personal consumption expenditures,45397.1
961,44000,Rhode Island,2,  Goods,14222.4
962,44000,Rhode Island,3,    Durable goods,4482.3
963,44000,Rhode Island,4,      Motor vehicles and parts,1560.3
964,44000,Rhode Island,5,      Furnishings and durable household equipment,1189.8
965,44000,Rhode Island,6,      Recreational goods and vehicles,1074.9
966,44000,Rhode Island,7,      Other durable goods,657.3
967,44000,Rhode Island,8,    Nondurable goods,9740.0
968,44000,Rhode Island,9,      Food and beverages purchased for off-premises consumption,3965.7
969,44000,Rhode Island,10,      Clothing and footwear,935.9
970,44000,Rhode Island,11,      Gasoline and other energy goods,671.9
971,44000,Rhode Island,12,      Other nondurable goods,4166.5
972,44000,Rhode Island,13,  Services,31174.8
973,44000,Rhode Island,14,    Household consumption expenditures (for services),28953.0
974,44000,Rhode Island,15,      Housing and utilities,8518.6
975,44000,Rhode Island,16,      Health care,7655.3
976,44000,Rhode Island,17,      Transportation services,1589.2
977,44000,Rhode Island,18,      Recreation services,1377.6
978,44000,Rhode Island,19,      Food services and accommodations,2999.3
979,44000,Rhode Island,20,      Financial services and insurance,3445.9
980,44000,Rhode Island,21,      Other services,3367.1
981,44000,Rhode Island,22,    Final consumption expenditures of nonprofit institutions serving households (NPISHs),2221.7
982,44000,Rhode Island,23,      Gross output of nonprofit institutions,5598.0
983,44000,Rhode Island,24,      Less: Receipts from sales of goods and services by nonprofit institutions,3376.3
984,45000,South Carolina,1,Personal consumption expenditures,195958.7
985,45000,South Carolina,2,  Goods,71541.3
986,45000,South Carolina,3,    Durable goods,23230.0
987,45000,South Carolina,4,      Motor vehicles and parts,9113.1
988,45000,South Carolina,5,      Furnishings and durable household equipment,5990.0
989,45000,South Carolina,6,      Recreational goods and vehicles,5063.0
990,45000,South Carolina,7,      Other durable goods,3063.9
991,45000,South Carolina,8,    Nondurable goods,48311.3
992,45000,South Carolina,9,      Food and beverages purchased for off-premises consumption,17938.2
993,45000,South Carolina,10,      Clothing and footwear,5994.6
994,45000,South Carolina,11,      Gasoline and other energy goods,4902.7
995,45000,South Carolina,12,      Other nondurable goods,19475.8
996,45000,South Carolina,13,  Services,124417.3
997,45000,South Carolina,14,    Household consumption expenditures (for services),119706.7
998,45000,South Carolina,15,      Housing and utilities,39097.4
999,45000,South Carolina,16,      Health care,28435.4
1000,45000,South Carolina,17,      Transportation services,4226.9
1001,45000,South Carolina,18,      Recreation services,5937.7
1002,45000,South Carolina,19,      Food services and accommodations,12837.7
1003,45000,South Carolina,20,      Financial services and insurance,14647.8
1004,45000,South Carolina,21,      Other services,14523.8
1005,45000,South Carolina,22,    Final consumption expenditures of nonprofit institutions serving households (NPISHs),4710.7
1006,45000,South Carolina,23,      Gross output of nonprofit institutions,18154.5
1007,45000,South Carolina,24,      Less: Receipts from sales of goods and services by nonprofit institutions,13443.8
1008,46000,South Dakota,1,Personal consumption expenditures,37337.8
1009,46000,South Dakota,2,  Goods,11152.1
1010,46000,South Dakota,3,    Durable goods,3980.8
1011,46000,South Dakota,4,      Motor vehicles and parts,1554.1
1012,46000,South Dakota,5,      Furnishings and durable household equipment,1052.4
1013,46000,South Dakota,6,      Recreational goods and vehicles,961.6
1014,46000,South Dakota,7,      Other durable goods,412.7
1015,46000,South Dakota,8,    Nondurable goods,7171.3
1016,46000,South Dakota,9,      Food and beverages purchased for off-premises consumption,2801.0
1017,46000,South Dakota,10,      Clothing and footwear,911.0
1018,46000,South Dakota,11,      Gasoline and other energy goods,601.4
1019,46000,South Dakota,12,      Other nondurable goods,2857.9
1020,46000,South Dakota,13,  Services,26185.7
1021,46000,South Dakota,14,    Household consumption expenditures (for services),24220.8
1022,46000,South Dakota,15,      Housing and utilities,5800.6
1023,46000,South Dakota,16,      Health care,8629.3
1024,46000,South Dakota,17,      Transportation services,970.0
1025,46000,South Dakota,18,      Recreation services,1123.6
1026,46000,South Dakota,19,      Food services and accommodations,2095.4
1027,46000,South Dakota,20,      Financial services and insurance,3025.5
1028,46000,South Dakota,21,      Other services,2576.5
1029,46000,South Dakota,22,    Final consumption expenditures of nonprofit institutions serving households (NPISHs),1964.8
1030,46000,South Dakota,23,      Gross output of nonprofit institutions,5443.4
1031,46000,South Dakota,24,      Less: Receipts from sales of goods and services by nonprofit institutions,3478.6
1032,47000,Tennessee,1,Personal consumption expenditures,258252.3
1033,47000,Tennessee,2,  Goods,90465.3
1034,47000,Tennessee,3,    Durable goods,30121.1
1035,47000,Tennessee,4,      Motor vehicles and parts,11761.8
1036,47000,Tennessee,5,      Furnishings and durable household equipment,7792.1
1037,47000,Tennessee,6,      Recreational goods and vehicles,7081.5
1038,47000,Tennessee,7,      Other durable goods,3485.7
1039,47000,Tennessee,8,    Nondurable goods,60344.1
1040,47000,Tennessee,9,      Food and beverages purchased for off-premises consumption,20013.8
1041,47000,Tennessee,10,      Clothing and footwear,7223.1
1042,47000,Tennessee,11,      Gasoline and other energy goods,5326.8
1043,47000,Tennessee,12,      Other nondurable goods,27780.5
1044,47000,Tennessee,13,  Services,167787.0
1045,47000,Tennessee,14,    Household consumption expenditures (for services),162287.2
1046,47000,Tennessee,15,      Housing and utilities,48592.2
1047,47000,Tennessee,16,      Health care,43351.0
1048,47000,Tennessee,17,      Transportation services,6380.0
1049,47000,Tennessee,18,      Recreation services,6963.1
1050,47000,Tennessee,19,      Food services and accommodations,16604.7
1051,47000,Tennessee,20,      Financial services and insurance,20305.7
1052,47000,Tennessee,21,      Other services,20090.4
1053,47000,Tennessee,22,    Final consumption expenditures of nonprofit institutions serving households (NPISHs),5499.8
1054,47000,Tennessee,23,      Gross output of nonprofit institutions,24622.2
1055,47000,Tennessee,24,      Less: Receipts from sales of goods and services by nonprofit institutions,19122.4
1056,48000,Texas,1,Personal consumption expenditures,1164466.4
1057,48000,Texas,2,  Goods,415129.3
1058,48000,Texas,3,    Durable goods,150112.7
1059,48000,Texas,4,      Motor vehicles and parts,57737.3
1060,48000,Texas,5,      Furnishings and durable household equipment,34434.5
1061,48000,Texas,6,      Recreational goods and vehicles,39579.0
1062,48000,Texas,7,      Other durable goods,18361.9
1063,48000,Texas,8,    Nondurable goods,265016.6
1064,48000,Texas,9,      Food and beverages purchased for off-premises consumption,97166.4
1065,48000,Texas,10,      Clothing and footwear,33643.4
1066,48000,Texas,11,      Gasoline and other energy goods,23821.1
1067,48000,Texas,12,      Other nondurable goods,110385.7
1068,48000,Texas,13,  Services,749337.1
1069,48000,Texas,14,    Household consumption expenditures (for services),719088.2
1070,48000,Texas,15,      Housing and utilities,213082.5
1071,48000,Texas,16,      Health care,170099.0
1072,48000,Texas,17,      Transportation services,30463.2
1073,48000,Texas,18,      Recreation services,40236.8
1074,48000,Texas,19,      Food services and accommodations,73831.0
1075,48000,Texas,20,      Financial services and insurance,99513.7
1076,48000,Texas,21,      Other services,91862.0
1077,48000,Texas,22,    Final consumption expenditures of nonprofit institutions serving households (NPISHs),30248.9
1078,48000,Texas,23,      Gross output of nonprofit institutions,106272.2
1079,48000,Texas,24,      Less: Receipts from sales of goods and services by nonprofit institutions,76023.3
1080,49000,Utah,1,Personal consumption expenditures,121445.4
1081,49000,Utah,2,  Goods,46688.9
1082,49000,Utah,3,    Durable goods,21416.0
1083,49000,Utah,4,      Motor vehicles and parts,6562.6
1084,49000,Utah,5,      Furnishings and durable household equipment,4304.0
1085,49000,Utah,6,      Recreational goods and vehicles,8498.3
1086,49000,Utah,7,      Other durable goods,2051.2
1087,49000,Utah,8,    Nondurable goods,25272.9
1088,49000,Utah,9,      Food and beverages purchased for off-premises consumption,9881.1
1089,49000,Utah,10,      Clothing and footwear,3207.7
1090,49000,Utah,11,      Gasoline and other energy goods,2601.6
1091,49000,Utah,12,      Other nondurable goods,9582.5
1092,49000,Utah,13,  Services,74756.5
1093,49000,Utah,14,    Household consumption expenditures (for services),71806.1
1094,49000,Utah,15,      Housing and utilities,22707.7
1095,49000,Utah,16,      Health care,16426.8
1096,49000,Utah,17,      Transportation services,3434.1
1097,49000,Utah,18,      Recreation services,3797.5
1098,49000,Utah,19,      Food services and accommodations,7264.7
1099,49000,Utah,20,      Financial services and insurance,9897.5
1100,49000,Utah,21,      Other services,8277.9
1101,49000,Utah,22,    Final consumption expenditures of nonprofit institutions serving households (NPISHs),2950.4
1102,49000,Utah,23,      Gross output of nonprofit institutions,12147.2
1103,49000,Utah,24,      Less: Receipts from sales of goods and services by nonprofit institutions,9196.8
1104,50000,Vermont,1,Personal consumption expenditures,29544.8
1105,50000,Vermont,2,  Goods,9511.8
1106,50000,Vermont,3,    Durable goods,3072.3
1107,50000,Vermont,4,      Motor vehicles and parts,1274.4
1108,50000,Vermont,5,      Furnishings and durable household equipment,743.5
1109,50000,Vermont,6,      Recreational goods and vehicles,768.7
1110,50000,Vermont,7,      Other durable goods,285.8
1111,50000,Vermont,8,    Nondurable goods,6439.5
1112,50000,Vermont,9,      Food and beverages purchased for off-premises consumption,2755.2
1113,50000,Vermont,10,      Clothing and footwear,505.6
1114,50000,Vermont,11,      Gasoline and other energy goods,610.9
1115,50000,Vermont,12,      Other nondurable goods,2567.8
1116,50000,Vermont,13,  Services,20033.0
1117,50000,Vermont,14,    Household consumption expenditures (for services),18012.7
1118,50000,Vermont,15,      Housing and utilities,5863.8
1119,50000,Vermont,16,      Health care,5292.2
1120,50000,Vermont,17,      Transportation services,676.2
1121,50000,Vermont,18,      Recreation services,757.0
1122,50000,Vermont,19,      Food services and accommodations,1461.4
1123,50000,Vermont,20,      Financial services and insurance,1809.8
1124,50000,Vermont,21,      Other services,2152.3
1125,50000,Vermont,22,    Final consumption expenditures of nonprofit institutions serving households (NPISHs),2020.3
1126,50000,Vermont,23,      Gross output of nonprofit institutions,4339.5
1127,50000,Vermont,24,      Less: Receipts from sales of goods and services by nonprofit institutions,2319.2
1128,51000,Virginia,1,Personal consumption expenditures,367302.7
1129,51000,Virginia,2,  Goods,125269.0
1130,51000,Virginia,3,    Durable goods,43790.2
1131,51000,Virginia,4,      Motor vehicles and parts,14106.7
1132,51000,Virginia,5,      Furnishings and durable household equipment,10771.3
1133,51000,Virginia,6,      Recreational goods and vehicles,12871.7
1134,51000,Virginia,7,      Other durable goods,6040.5
1135,51000,Virginia,8,    Nondurable goods,81478.8
1136,51000,Virginia,9,      Food and beverages purchased for off-premises consumption,30395.8
1137,51000,Virginia,10,      Clothing and footwear,9491.1
1138,51000,Virginia,11,      Gasoline and other energy goods,6751.1
1139,51000,Virginia,12,      Other nondurable goods,34840.7
1140,51000,Virginia,13,  Services,242033.7
1141,51000,Virginia,14,    Household consumption expenditures (for services),231421.5
1142,51000,Virginia,15,      Housing and utilities,73320.1
1143,51000,Virginia,16,      Health care,54641.0
1144,51000,Virginia,17,      Transportation services,8796.1
1145,51000,Virginia,18,      Recreation services,14072.0
1146,51000,Virginia,19,      Food services and accommodations,20477.2
1147,51000,Virginia,20,      Financial services and insurance,27154.0
1148,51000,Virginia,21,      Other services,32961.2
1149,51000,Virginia,22,    Final consumption expenditures of nonprofit institutions serving households (NPISHs),10612.2
1150,51000,Virginia,23,      Gross output of nonprofit institutions,39860.0
1151,51000,Virginia,24,      Less: Receipts from sales of goods and services by nonprofit institutions,29247.8
1152,53000,Washington,1,Personal consumption expenditures,354219.1
1153,53000,Washington,2,  Goods,110880.9
1154,53000,Washington,3,    Durable goods,42348.9
1155,53000,Washington,4,      Motor vehicles and parts,11677.8
1156,53000,Washington,5,      Furnishings and durable household equipment,9445.0
1157,53000,Washington,6,      Recreational goods and vehicles,16682.5
1158,53000,Washington,7,      Other durable goods,4543.6
1159,53000,Washington,8,    Nondurable goods,68531.9
1160,53000,Washington,9,      Food and beverages purchased for off-premises consumption,29515.9
1161,53000,Washington,10,      Clothing and footwear,8217.4
1162,53000,Washington,11,      Gasoline and other energy goods,5096.6
1163,53000,Washington,12,      Other nondurable goods,25702.1
1164,53000,Washington,13,  Services,243338.2
1165,53000,Washington,14,    Household consumption expenditures (for services),228329.3
1166,53000,Washington,15,      Housing and utilities,72976.3
1167,53000,Washington,16,      Health care,56996.0
1168,53000,Washington,17,      Transportation services,10805.0
1169,53000,Washington,18,      Recreation services,13783.2
1170,53000,Washington,19,      Food services and accommodations,18046.4
1171,53000,Washington,20,      Financial services and insurance,26071.2
1172,53000,Washington,21,      Other services,29651.2
1173,53000,Washington,22,    Final consumption expenditures of nonprofit institutions serving households (NPISHs),15008.9
1174,53000,Washington,23,      Gross output of nonprofit institutions,40890.2
1175,53000,Washington,24,      Less: Receipts from sales of goods and services by nonprofit institutions,25881.4
1176,54000,West Virginia,1,Personal consumption expenditures,66404.2
1177,54000,West Virginia,2,  Goods,21629.8
1178,54000,West Virginia,3,    Durable goods,6572.4
1179,54000,West Virginia,4,      Motor vehicles and parts,3055.7
1180,54000,West Virginia,5,      Furnishings and durable household equipment,1597.3
1181,54000,West Virginia,6,      Recreational goods and vehicles,1262.8
1182,54000,West Virginia,7,      Other durable goods,656.5
1183,54000,West Virginia,8,    Nondurable goods,15057.5
1184,54000,West Virginia,9,      Food and beverages purchased for off-premises consumption,5929.1
1185,54000,West Virginia,10,      Clothing and footwear,1404.5
1186,54000,West Virginia,11,      Gasoline and other energy goods,1423.3
1187,54000,West Virginia,12,      Other nondurable goods,6300.6
1188,54000,West Virginia,13,  Services,44774.4
1189,54000,West Virginia,14,    Household consumption expenditures (for services),40990.1
1190,54000,West Virginia,15,      Housing and utilities,11101.8
1191,54000,West Virginia,16,      Health care,15436.9
1192,54000,West Virginia,17,      Transportation services,1011.3
1193,54000,West Virginia,18,      Recreation services,1239.4
1194,54000,West Virginia,19,      Food services and accommodations,3348.9
1195,54000,West Virginia,20,      Financial services and insurance,4565.0
1196,54000,West Virginia,21,      Other services,4286.7
1197,54000,West Virginia,22,    Final consumption expenditures of nonprofit institutions serving households (NPISHs),3784.3
1198,54000,West Virginia,23,      Gross output of nonprofit institutions,8405.4
1199,54000,West Virginia,24,      Less: Receipts from sales of goods and services by nonprofit institutions,4621.2
1200,55000,Wisconsin,1,Personal consumption expenditures,238923.0
1201,55000,Wisconsin,2,  Goods,81143.3
1202,55000,Wisconsin,3,    Durable goods,29872.1
1203,55000,Wisconsin,4,      Motor vehicles and parts,11038.7
1204,55000,Wisconsin,5,      Furnishings and durable household equipment,6685.0
1205,55000,Wisconsin,6,      Recreational goods and vehicles,9330.5
1206,55000,Wisconsin,7,      Other durable goods,2817.9
1207,55000,Wisconsin,8,    Nondurable goods,51271.2
1208,55000,Wisconsin,9,      Food and beverages purchased for off-premises consumption,18785.5
1209,55000,Wisconsin,10,      Clothing and footwear,5410.3
1210,55000,Wisconsin,11,      Gasoline and other energy goods,5810.7
1211,55000,Wisconsin,12,      Other nondurable goods,21264.7
1212,55000,Wisconsin,13,  Services,157779.8
1213,55000,Wisconsin,14,    Household consumption expenditures (for services),145328.4
1214,55000,Wisconsin,15,      Housing and utilities,42324.2
1215,55000,Wisconsin,16,      Health care,44608.7
1216,55000,Wisconsin,17,      Transportation services,5157.2
1217,55000,Wisconsin,18,      Recreation services,5703.1
1218,55000,Wisconsin,19,      Food services and accommodations,12066.8
1219,55000,Wisconsin,20,      Financial services and insurance,19467.5
1220,55000,Wisconsin,21,      Other services,16000.8
1221,55000,Wisconsin,22,    Final consumption expenditures of nonprofit institutions serving households (NPISHs),12451.4
1222,55000,Wisconsin,23,      Gross output of nonprofit institutions,31688.9
1223,55000,Wisconsin,24,      Less: Receipts from sales of goods and services by nonprofit institutions,19237.5
1224,56000,Wyoming,1,Personal consumption expenditures,24466.9
1225,56000,Wyoming,2,  Goods,8134.6
1226,56000,Wyoming,3,    Durable goods,2785.4
1227,56000,Wyoming,4,      Motor vehicles and parts,1330.9
1228,56000,Wyoming,5,      Furnishings and durable household equipment,667.7
1229,56000,Wyoming,6,      Recreational goods and vehicles,507.5
1230,56000,Wyoming,7,      Other durable goods,279.2
1231,56000,Wyoming,8,    Nondurable goods,5349.2
1232,56000,Wyoming,9,      Food and beverages purchased for off-premises consumption,2261.3
1233,56000,Wyoming,10,      Clothing and footwear,776.1
1234,56000,Wyoming,11,      Gasoline and other energy goods,551.3
1235,56000,Wyoming,12,      Other nondurable goods,1760.5
1236,56000,Wyoming,13,  Services,16332.3
1237,56000,Wyoming,14,    Household consumption expenditures (for services),15596.6
1238,56000,Wyoming,15,      Housing and utilities,4548.8
1239,56000,Wyoming,16,      Health care,4014.4
1240,56000,Wyoming,17,      Transportation services,701.2
1241,56000,Wyoming,18,      Recreation services,697.6
1242,56000,Wyoming,19,      Food services and accommodations,1405.8
1243,56000,Wyoming,20,      Financial services and insurance,2755.3
1244,56000,Wyoming,21,      Other services,1473.5
1245,56000,Wyoming,22,    Final consumption expenditures of nonprofit institutions serving households (NPISHs),735.7
1246,56000,Wyoming,23,      Gross output of nonprofit institutions,2868.9
1247,56000,Wyoming,24,      Less: Receipts from sales of goods and services by nonprofit institutions,2133.1
1248,91000,New England,1,Personal consumption expenditures,744662.9
1249,91000,New England,2,  Goods,229031.4
1250,91000,New England,3,    Durable goods,76665.2
1251,91000,New England,4,      Motor vehicles and parts,24174.9
1252,91000,New England,5,      Furnishings and durable household equipment,19296.8
1253,91000,New England,6,      Recreational goods and vehicles,22578.6
1254,91000,New England,7,      Other durable goods,10614.9
1255,91000,New England,8,    Nondurable goods,152366.2
1256,91000,New England,9,      Food and beverages purchased for off-premises consumption,60294.9
1257,91000,New England,10,      Clothing and footwear,16420.3
1258,91000,New England,11,      Gasoline and other energy goods,10390.4
1259,91000,New England,12,      Other nondurable goods,65260.7
1260,91000,New England,13,  Services,515631.5
1261,91000,New England,14,    Household consumption expenditures (for services),478474.6
1262,91000,New England,15,      Housing and utilities,138708.9
1263,91000,New England,16,      Health care,123170.7
1264,91000,New England,17,      Transportation services,20371.6
1265,91000,New England,18,      Recreation services,23452.0
1266,91000,New England,19,      Food services and accommodations,38726.5
1267,91000,New England,20,      Financial services and insurance,69379.6
1268,91000,New England,21,      Other services,64665.4
1269,91000,New England,22,    Final consumption expenditures of nonprofit institutions serving households (NPISHs),37156.8
1270,91000,New England,23,      Gross output of nonprofit institutions,99709.1
1271,91000,New England,24,      Less: Receipts from sales of goods and services by nonprofit institutions,62552.3
1272,92000,Mideast,1,Personal consumption expenditures,2338302.6
1273,92000,Mideast,2,  Goods,724559.2
1274,92000,Mideast,3,    Durable goods,230871.4
1275,92000,Mideast,4,      Motor vehicles and parts,68347.3
1276,92000,Mideast,5,      Furnishings and durable household equipment,59738.2
1277,92000,Mideast,6,      Recreational goods and vehicles,68337.0
1278,92000,Mideast,7,      Other durable goods,34449.0
1279,92000,Mideast,8,    Nondurable goods,493687.8
1280,92000,Mideast,9,      Food and beverages purchased for off-premises consumption,171683.1
1281,92000,Mideast,10,      Clothing and footwear,59318.2
1282,92000,Mideast,11,      Gasoline and other energy goods,31642.7
1283,92000,Mideast,12,      Other nondurable goods,231043.8
1284,92000,Mideast,13,  Services,1613743.4
1285,92000,Mideast,14,    Household consumption expenditures (for services),1492712.8
1286,92000,Mideast,15,      Housing and utilities,440004.0
1287,92000,Mideast,16,      Health care,395329.2
1288,92000,Mideast,17,      Transportation services,56848.4
1289,92000,Mideast,18,      Recreation services,63460.5
1290,92000,Mideast,19,      Food services and accommodations,114262.2
1291,92000,Mideast,20,      Financial services and insurance,211537.3
1292,92000,Mideast,21,      Other services,211271.1
1293,92000,Mideast,22,    Final consumption expenditures of nonprofit institutions serving households (NPISHs),121030.6
1294,92000,Mideast,23,      Gross output of nonprofit institutions,340136.3
1295,92000,Mideast,24,      Less: Receipts from sales of goods and services by nonprofit institutions,219105.7
1296,93000,Great Lakes,1,Personal consumption expenditures,1927401.6
1297,93000,Great Lakes,2,  Goods,645225.1
1298,93000,Great Lakes,3,    Durable goods,222945.6
1299,93000,Great Lakes,4,      Motor vehicles and parts,75222.5
1300,93000,Great Lakes,5,      Furnishings and durable household equipment,51935.3
1301,93000,Great Lakes,6,      Recreational goods and vehicles,67776.4
1302,93000,Great Lakes,7,      Other durable goods,28011.4
1303,93000,Great Lakes,8,    Nondurable goods,422279.5
1304,93000,Great Lakes,9,      Food and beverages purchased for off-premises consumption,158808.5
1305,93000,Great Lakes,10,      Clothing and footwear,47767.6
1306,93000,Great Lakes,11,      Gasoline and other energy goods,36893.0
1307,93000,Great Lakes,12,      Other nondurable goods,178810.3
1308,93000,Great Lakes,13,  Services,1282176.6
1309,93000,Great Lakes,14,    Household consumption expenditures (for services),1178467.2
1310,93000,Great Lakes,15,      Housing and utilities,337951.8
1311,93000,Great Lakes,16,      Health care,335903.4
1312,93000,Great Lakes,17,      Transportation services,47267.4
1313,93000,Great Lakes,18,      Recreation services,48985.6
1314,93000,Great Lakes,19,      Food services and accommodations,100070.3
1315,93000,Great Lakes,20,      Financial services and insurance,166995.4
1316,93000,Great Lakes,21,      Other services,141293.3
1317,93000,Great Lakes,22,    Final consumption expenditures of nonprofit institutions serving households (NPISHs),103709.4
1318,93000,Great Lakes,23,      Gross output of nonprofit institutions,268736.6
1319,93000,Great Lakes,24,      Less: Receipts from sales of goods and services by nonprofit institutions,165027.2
1320,94000,Plains,1,Personal consumption expenditures,880030.6
1321,94000,Plains,2,  Goods,292153.7
1322,94000,Plains,3,    Durable goods,107255.4
1323,94000,Plains,4,      Motor vehicles and parts,42706.5
1324,94000,Plains,5,      Furnishings and durable household equipment,23032.3
1325,94000,Plains,6,      Recreational goods and vehicles,30022.2
1326,94000,Plains,7,      Other durable goods,11494.4
1327,94000,Plains,8,    Nondurable goods,184898.3
1328,94000,Plains,9,      Food and beverages purchased for off-premises consumption,69429.2
1329,94000,Plains,10,      Clothing and footwear,20839.0
1330,94000,Plains,11,      Gasoline and other energy goods,20314.9
1331,94000,Plains,12,      Other nondurable goods,74315.1
1332,94000,Plains,13,  Services,587876.9
1333,94000,Plains,14,    Household consumption expenditures (for services),550511.0
1334,94000,Plains,15,      Housing and utilities,155531.9
1335,94000,Plains,16,      Health care,157628.3
1336,94000,Plains,17,      Transportation services,22337.2
1337,94000,Plains,18,      Recreation services,22820.9
1338,94000,Plains,19,      Food services and accommodations,44834.0
1339,94000,Plains,20,      Financial services and insurance,77347.4
1340,94000,Plains,21,      Other services,70011.2
1341,94000,Plains,22,    Final consumption expenditures of nonprofit institutions serving households (NPISHs),37366.0
1342,94000,Plains,23,      Gross output of nonprofit institutions,107852.4
1343,94000,Plains,24,      Less: Receipts from sales of goods and services by nonprofit institutions,70486.5
1344,95000,Southeast,1,Personal consumption expenditures,3364767.8
1345,95000,Southeast,2,  Goods,1184797.9
1346,95000,Southeast,3,    Durable goods,412701.7
1347,95000,Southeast,4,      Motor vehicles and parts,146537.1
1348,95000,Southeast,5,      Furnishings and durable household equipment,103023.0
1349,95000,Southeast,6,      Recreational goods and vehicles,112189.1
1350,95000,Southeast,7,      Other durable goods,50952.5
1351,95000,Southeast,8,    Nondurable goods,772096.2
1352,95000,Southeast,9,      Food and beverages purchased for off-premises consumption,293332.3
1353,95000,Southeast,10,      Clothing and footwear,85698.3
1354,95000,Southeast,11,      Gasoline and other energy goods,64485.4
1355,95000,Southeast,12,      Other nondurable goods,328580.1
1356,95000,Southeast,13,  Services,2179970.0
1357,95000,Southeast,14,    Household consumption expenditures (for services),2118018.9
1358,95000,Southeast,15,      Housing and utilities,650273.4
1359,95000,Southeast,16,      Health care,542996.3
1360,95000,Southeast,17,      Transportation services,78635.5
1361,95000,Southeast,18,      Recreation services,99343.6
1362,95000,Southeast,19,      Food services and accommodations,204743.8
1363,95000,Southeast,20,      Financial services and insurance,286584.1
1364,95000,Southeast,21,      Other services,255442.2
1365,95000,Southeast,22,    Final consumption expenditures of nonprofit institutions serving households (NPISHs),61951.1
1366,95000,Southeast,23,      Gross output of nonprofit institutions,296257.4
1367,95000,Southeast,24,      Less: Receipts from sales of goods and services by nonprofit institutions,234306.3
1368,96000,Southwest,1,Personal consumption expenditures,1663302.0
1369,96000,Southwest,2,  Goods,590302.3
1370,96000,Southwest,3,    Durable goods,213773.6
1371,96000,Southwest,4,      Motor vehicles and parts,83004.4
1372,96000,Southwest,5,      Furnishings and durable household equipment,49481.7
1373,96000,Southwest,6,      Recreational goods and vehicles,54540.4
1374,96000,Southwest,7,      Other durable goods,26747.1
1375,96000,Southwest,8,    Nondurable goods,376528.7
1376,96000,Southwest,9,      Food and beverages purchased for off-premises consumption,138099.4
1377,96000,Southwest,10,      Clothing and footwear,46976.2
1378,96000,Southwest,11,      Gasoline and other energy goods,34506.7
1379,96000,Southwest,12,      Other nondurable goods,156946.4
1380,96000,Southwest,13,  Services,1072999.7
1381,96000,Southwest,14,    Household consumption expenditures (for services),1030847.7
1382,96000,Southwest,15,      Housing and utilities,308392.1
1383,96000,Southwest,16,      Health care,252861.9
1384,96000,Southwest,17,      Transportation services,43856.2
1385,96000,Southwest,18,      Recreation services,55097.7
1386,96000,Southwest,19,      Food services and accommodations,107204.9
1387,96000,Southwest,20,      Financial services and insurance,134481.6
1388,96000,Southwest,21,      Other services,128953.2
1389,96000,Southwest,22,    Final consumption expenditures of nonprofit institutions serving households (NPISHs),42152.1
1390,96000,Southwest,23,      Gross output of nonprofit institutions,156325.3
1391,96000,Southwest,24,      Less: Receipts from sales of goods and services by nonprofit institutions,114173.2
1392,97000,Rocky Mountain,1,Personal consumption expenditures,527295.4
1393,97000,Rocky Mountain,2,  Goods,185230.8
1394,97000,Rocky Mountain,3,    Durable goods,74498.5
1395,97000,Rocky Mountain,4,      Motor vehicles and parts,23856.5
1396,97000,Rocky Mountain,5,      Furnishings and durable household equipment,16772.3
1397,97000,Rocky Mountain,6,      Recreational goods and vehicles,25978.1
1398,97000,Rocky Mountain,7,      Other durable goods,7891.7
1399,97000,Rocky Mountain,8,    Nondurable goods,110732.3
1400,97000,Rocky Mountain,9,      Food and beverages purchased for off-premises consumption,45300.0
1401,97000,Rocky Mountain,10,      Clothing and footwear,13244.8
1402,97000,Rocky Mountain,11,      Gasoline and other energy goods,10251.4
1403,97000,Rocky Mountain,12,      Other nondurable goods,41936.2
1404,97000,Rocky Mountain,13,  Services,342064.6
1405,97000,Rocky Mountain,14,    Household consumption expenditures (for services),327952.5
1406,97000,Rocky Mountain,15,      Housing and utilities,105669.6
1407,97000,Rocky Mountain,16,      Health care,77882.4
1408,97000,Rocky Mountain,17,      Transportation services,15843.6
1409,97000,Rocky Mountain,18,      Recreation services,17610.1
1410,97000,Rocky Mountain,19,      Food services and accommodations,32937.3
1411,97000,Rocky Mountain,20,      Financial services and insurance,40645.4
1412,97000,Rocky Mountain,21,      Other services,37364.1
1413,97000,Rocky Mountain,22,    Final consumption expenditures of nonprofit institutions serving households (NPISHs),14112.1
1414,97000,Rocky Mountain,23,      Gross output of nonprofit institutions,53756.6
1415,97000,Rocky Mountain,24,      Less: Receipts from sales of goods and services by nonprofit institutions,39644.5
1416,98000,Far West,1,Personal consumption expenditures,2590691.9
1417,98000,Far West,2,  Goods,791410.9
1418,98000,Far West,3,    Durable goods,277697.0
1419,98000,Far West,4,      Motor vehicles and parts,77415.7
1420,98000,Far West,5,      Furnishings and durable household equipment,67102.8
1421,98000,Far West,6,      Recreational goods and vehicles,94794.7
1422,98000,Far West,7,      Other durable goods,38383.8
1423,98000,Far West,8,    Nondurable goods,513713.9
1424,98000,Far West,9,      Food and beverages purchased for off-premises consumption,209728.4
1425,98000,Far West,10,      Clothing and footwear,72171.1
1426,98000,Far West,11,      Gasoline and other energy goods,38272.5
1427,98000,Far West,12,      Other nondurable goods,193541.8
1428,98000,Far West,13,  Services,1799281.0
1429,98000,Far West,14,    Household consumption expenditures (for services),1695883.3
1430,98000,Far West,15,      Housing and utilities,531612.1
1431,98000,Far West,16,      Health care,422628.5
1432,98000,Far West,17,      Transportation services,78281.4
1433,98000,Far West,18,      Recreation services,85741.2
1434,98000,Far West,19,      Food services and accommodations,158768.4
1435,98000,Far West,20,      Financial services and insurance,209311.9
1436,98000,Far West,21,      Other services,209539.9
1437,98000,Far West,22,    Final consumption expenditures of nonprofit institutions serving households (NPISHs),103397.7
1438,98000,Far West,23,      Gross output of nonprofit institutions,321992.0
1439,98000,Far West,24,      Less: Receipts from sales of goods and services by nonprofit institutions,218594.3
